{
	"c_height" : 
	{
		"Q03" : 
		[
			-0.0006046,
			0.017,
			-0.1588,
			1.373,
			0.0097,
			1.49,
			-0.0125,
			0.305,
			0.73
		],
		"Q15" : 
		[
			0,
			0,
			-0.013,
			0.94975,
			0.15118,
			1.89385,
			2.36519,
			-0.0636,
			-0.4817
		],
		"Q4" : 
		[
			0,
			0,
			0.00097,
			0.881747,
			0.189651,
			1.9928,
			3.28201,
			-0.300307,
			0
		],
		"Q8" : 
		[
			0,
			0,
			0,
			0.938,
			0,
			0,
			0,
			0,
			0
		]
	},
	"c_width" : 
	[
		0.0258,
		1.3061,
		-2.5699,
		1.1075,
		-4.0686,
		-0.9672,
		4.6333,
		0.428
	]
}
